idx	shaun.cole@durham.ac.uk	omar.a.ruiz-macias@durham.ac.uk	pauline.zarrouk@lpnhe.in2p3.fr	foo@foo
27421	NI	NI	NI	JUNK
22910	NI	NI	NI	GAL
16998	NI	NI	NI	STAR
21817	NI	NI	NI	GAL
31119	NI	NI	NI	GAL
166	NI	NI	NI	FRAG
38616	NI	NI	NI	UNK
11975	NI	NI	NI	GAL
10090	NI	NI	NI	GAL
22067	NI	NI	NI	JUNK
16761	NI	NI	NI	GAL
6173	NI	NI	NI	JUNK
15126	NI	NI	NI	GAL
4438	NI	NI	NI	STAR
30793	NI	NI	NI	STAR
27945	NI	NI	NI	FRAG
36953	NI	NI	NI	UNK
38269	NI	NI	NI	GAL
13232	NI	NI	NI	UNK
29305	NI	NI	NI	GAL
37840	NI	NI	NI	JUNK
4710	NI	NI	NI	UNK
34345	NI	NI	NI	JUNK
19658	NI	NI	NI	GAL
32967	NI	NI	NI	GAL
30440	NI	NI	NI	FRAG
16394	NI	NI	NI	BT
17746	NI	NI	NI	GAL
20183	NI	NI	NI	FRAG
7770	NI	NI	NI	STAR
29896	NI	NI	NI	GAL
15175	NI	NI	NI	GAL
30701	NI	NI	NI	STAR
30282	NI	NI	NI	DS/H
35985	NI	NI	NI	GAL
2958	NI	NI	NI	UNK
6311	NI	NI	NI	NI
14846	NI	NI	NI	NI
14908	NI	NI	NI	NI
17212	NI	NI	NI	NI
22462	NI	NI	NI	NI
37598	NI	NI	NI	NI
27938	NI	NI	NI	NI
32149	NI	NI	NI	NI
21556	NI	NI	NI	NI
16594	NI	NI	NI	NI
8889	NI	NI	NI	NI
27122	NI	NI	NI	NI
37929	NI	NI	NI	NI
10383	NI	NI	NI	NI
34453	NI	NI	NI	NI
9636	NI	NI	NI	NI
19258	NI	NI	NI	NI
16722	NI	NI	NI	NI
33977	NI	NI	NI	NI
24748	NI	NI	NI	NI
4775	NI	NI	NI	NI
27471	NI	NI	NI	NI
19735	NI	NI	NI	NI
24817	NI	NI	NI	NI
10837	NI	NI	NI	NI
26432	NI	NI	NI	NI
36570	NI	NI	NI	NI
35293	NI	NI	NI	NI
1780	NI	NI	NI	NI
4039	NI	NI	NI	NI
39281	NI	NI	NI	NI
86	NI	NI	NI	NI
39997	NI	NI	NI	NI
7568	NI	NI	NI	NI
22924	NI	NI	NI	NI
39222	NI	NI	NI	NI
26774	NI	NI	NI	NI
4731	NI	NI	NI	NI
139	NI	NI	NI	NI
17788	NI	NI	NI	NI
36981	NI	NI	NI	NI
29909	NI	NI	NI	NI
10063	NI	NI	NI	NI
2201	NI	NI	NI	NI
2653	NI	NI	NI	NI
7462	NI	NI	NI	NI
19547	NI	NI	NI	NI
4452	NI	NI	NI	NI
7689	NI	NI	NI	NI
1974	NI	NI	NI	NI
3483	NI	NI	NI	NI
16022	NI	NI	NI	NI
25030	NI	NI	NI	NI
15551	NI	NI	NI	NI
27922	NI	NI	NI	NI
34134	NI	NI	NI	NI
28566	NI	NI	NI	NI
13012	NI	NI	NI	NI
29077	NI	NI	NI	NI
30227	NI	NI	NI	NI
115	NI	NI	NI	NI
36567	NI	NI	NI	NI
29693	NI	NI	NI	NI
26094	NI	NI	NI	NI
18792	NI	NI	NI	NI
12033	NI	NI	NI	NI
40245	NI	NI	NI	NI
36158	NI	NI	NI	NI
15493	NI	NI	NI	NI
15498	NI	NI	NI	NI
5735	NI	NI	NI	NI
5227	NI	NI	NI	NI
39507	NI	NI	NI	NI
33809	NI	NI	NI	NI
20404	NI	NI	NI	NI
28607	NI	NI	NI	NI
3114	NI	NI	NI	NI
469	NI	NI	NI	NI
32446	NI	NI	NI	NI
11653	NI	NI	NI	NI
6718	NI	NI	NI	NI
1266	NI	NI	NI	NI
30693	NI	NI	NI	NI
26211	NI	NI	NI	NI
14585	NI	NI	NI	NI
13740	NI	NI	NI	NI
19403	NI	NI	NI	NI
17202	NI	NI	NI	NI
38389	NI	NI	NI	NI
6656	NI	NI	NI	NI
14394	NI	NI	NI	NI
22347	NI	NI	NI	NI
33628	NI	NI	NI	NI
29471	NI	NI	NI	NI
9509	NI	NI	NI	NI
14562	NI	NI	NI	NI
31772	NI	NI	NI	NI
29291	NI	NI	NI	NI
19663	NI	NI	NI	NI
31410	NI	NI	NI	NI
16236	NI	NI	NI	NI
25903	NI	NI	NI	NI
6452	NI	NI	NI	NI
17501	NI	NI	NI	NI
30182	NI	NI	NI	NI
6008	NI	NI	NI	NI
23555	NI	NI	NI	NI
15081	NI	NI	NI	NI
22010	NI	NI	NI	NI
37105	NI	NI	NI	NI
3042	NI	NI	NI	NI
442	NI	NI	NI	NI
2066	NI	NI	NI	NI
34906	NI	NI	NI	NI
13252	NI	NI	NI	NI
4578	NI	NI	NI	NI
9910	NI	NI	NI	NI
8678	NI	NI	NI	NI
28640	NI	NI	NI	NI
3549	NI	NI	NI	NI
35777	NI	NI	NI	NI
18039	NI	NI	NI	NI
28339	NI	NI	NI	NI
29499	NI	NI	NI	NI
25981	NI	NI	NI	UNK
31382	NI	NI	NI	STAR
11969	NI	NI	NI	GAL
11030	NI	NI	NI	STAR
26640	NI	NI	NI	FRAG
10700	NI	NI	NI	JUNK
24648	NI	NI	NI	GAL
1488	NI	NI	NI	GAL
5531	NI	NI	NI	JUNK
10940	NI	NI	NI	UNK
3107	NI	NI	NI	UNK
19415	NI	NI	NI	FRAG
39375	NI	NI	NI	UNK
27644	NI	NI	NI	JUNK
2890	NI	NI	NI	BT
26316	NI	NI	NI	GAL
18440	NI	NI	NI	BT
2814	NI	NI	NI	GAL
20190	NI	NI	NI	UNK
16332	NI	NI	NI	GAL
28460	NI	NI	NI	GAL
2099	NI	NI	NI	UNK
24393	NI	NI	NI	UNK
24439	NI	NI	NI	FRAG
29074	NI	NI	NI	UNK
39102	NI	NI	NI	GAL
30966	NI	NI	NI	UNK
30400	NI	NI	NI	GAL
2365	NI	NI	NI	UNK
24218	NI	NI	NI	GAL
10092	NI	NI	NI	UNK
1663	NI	NI	NI	UNK
19016	NI	NI	NI	FRAG
11645	NI	NI	NI	FRAG
17451	NI	NI	NI	UNK
9070	NI	NI	NI	UNK
21670	NI	NI	NI	GAL
14037	NI	NI	NI	GAL
37441	NI	NI	NI	UNK
27552	NI	NI	NI	NI
5646	NI	NI	NI	NI
30	NI	NI	NI	NI
24516	NI	NI	NI	NI
29107	NI	NI	NI	NI
36207	NI	NI	NI	NI
21191	NI	NI	NI	NI
23941	NI	NI	NI	NI
1182	NI	NI	NI	NI
22479	NI	NI	NI	NI
26076	NI	NI	NI	NI
13958	NI	NI	NI	NI
14032	NI	NI	NI	NI
19846	NI	NI	NI	NI
37702	NI	NI	NI	NI
13979	NI	NI	NI	NI
37275	NI	NI	NI	NI
35960	NI	NI	NI	NI
2052	NI	NI	NI	NI
5004	NI	NI	NI	NI
15834	NI	NI	NI	NI
38703	NI	NI	NI	NI
31111	NI	NI	NI	NI
11466	NI	NI	NI	NI
22564	NI	NI	NI	NI
6626	NI	NI	NI	NI
30417	NI	NI	NI	NI
21905	NI	NI	NI	NI
2410	NI	NI	NI	NI
40093	NI	NI	NI	NI
25776	NI	NI	NI	NI
13112	NI	NI	NI	NI
14732	NI	NI	NI	NI
38373	NI	NI	NI	NI
15517	NI	NI	NI	NI
35335	NI	NI	NI	NI
19450	NI	NI	NI	NI
18422	NI	NI	NI	NI
14391	NI	NI	NI	NI
23936	NI	NI	NI	NI
38994	NI	NI	NI	NI
1937	NI	NI	NI	NI
30358	NI	NI	NI	NI
6885	NI	NI	NI	NI
26141	NI	NI	NI	NI
16991	NI	NI	NI	NI
17538	NI	NI	NI	NI
39232	NI	NI	NI	NI
16348	NI	NI	NI	NI
124	NI	NI	NI	NI
7385	NI	NI	NI	NI
2747	NI	NI	NI	NI
15823	NI	NI	NI	NI
4088	NI	NI	NI	NI
34534	NI	NI	NI	NI
23103	NI	NI	NI	NI
13702	NI	NI	NI	NI
12471	NI	NI	NI	NI
26359	NI	NI	NI	NI
1527	NI	NI	NI	NI
6629	NI	NI	NI	NI
26762	NI	NI	NI	NI
12567	NI	NI	NI	NI
6827	NI	NI	NI	NI
31653	NI	NI	NI	NI
34074	NI	NI	NI	NI
1589	NI	NI	NI	NI
880	NI	NI	NI	NI
19840	NI	NI	NI	NI
16504	NI	NI	NI	NI
18192	NI	NI	NI	NI
27815	NI	NI	NI	NI
31407	NI	NI	NI	NI
21795	NI	NI	NI	NI
22515	NI	NI	NI	NI
32901	NI	NI	NI	NI
5336	NI	NI	NI	NI
32371	NI	NI	NI	NI
31666	NI	NI	NI	NI
503	NI	NI	NI	NI
34193	NI	NI	NI	NI
1084	NI	NI	NI	NI
21061	NI	NI	NI	NI
25966	NI	NI	NI	NI
3123	NI	NI	NI	NI
18821	NI	NI	NI	NI
9973	NI	NI	NI	NI
6374	NI	NI	NI	NI
18581	NI	NI	NI	NI
25374	NI	NI	NI	NI
3045	NI	NI	NI	NI
246	NI	NI	NI	NI
12384	NI	NI	NI	NI
6031	NI	NI	NI	NI
10626	NI	NI	NI	NI
11858	NI	NI	NI	NI
8390	NI	NI	NI	NI
3854	NI	NI	NI	NI
17217	NI	NI	NI	NI
30696	NI	NI	NI	NI
14642	NI	NI	NI	NI
9605	NI	NI	NI	NI
21847	NI	NI	NI	NI
6530	NI	NI	NI	NI
258	NI	NI	NI	NI
38964	NI	NI	NI	NI
37402	NI	NI	NI	NI
20024	NI	NI	NI	NI
11485	NI	NI	NI	NI
34957	NI	NI	NI	NI
2277	NI	NI	NI	NI
29751	NI	NI	NI	NI
17561	NI	NI	NI	NI
31340	NI	NI	NI	NI
19249	NI	NI	NI	NI
11419	NI	NI	NI	NI
19603	NI	NI	NI	NI
36846	NI	NI	NI	NI
5830	NI	NI	NI	NI
29149	NI	NI	NI	NI
39794	NI	NI	NI	NI
30021	NI	NI	NI	NI
6098	NI	NI	NI	NI
26765	NI	NI	NI	NI
21118	NI	NI	NI	NI
29219	NI	NI	NI	NI
9717	NI	NI	NI	NI
14909	NI	NI	NI	NI
29888	NI	NI	NI	NI
10704	NI	NI	NI	NI
30242	NI	NI	NI	NI
28910	NI	NI	NI	NI
21559	NI	NI	NI	NI
18129	NI	NI	NI	NI
25601	NI	NI	NI	NI
39285	NI	NI	NI	NI
31916	NI	NI	NI	NI
10760	NI	NI	NI	NI
25435	NI	NI	NI	NI
35247	NI	NI	NI	NI
29104	NI	NI	NI	NI
10087	NI	NI	NI	NI
24541	NI	NI	NI	NI
29038	NI	NI	NI	NI
14740	NI	NI	NI	NI
22008	NI	NI	NI	NI
25943	NI	NI	NI	NI
13528	NI	NI	NI	NI
38367	NI	NI	NI	NI
28491	NI	NI	NI	NI
21735	NI	NI	NI	NI
39372	NI	NI	NI	NI
30354	NI	NI	NI	NI
22913	NI	NI	NI	NI
17884	NI	NI	NI	NI
20897	NI	NI	NI	NI
40117	NI	NI	NI	NI
30761	NI	NI	NI	NI
11360	NI	NI	NI	NI
31277	NI	NI	NI	NI
15996	NI	NI	NI	NI
15618	NI	NI	NI	NI
23838	NI	NI	NI	NI
39724	NI	NI	NI	NI
5939	NI	NI	NI	NI
10784	NI	NI	NI	NI
34952	NI	NI	NI	NI
6953	NI	NI	NI	NI
29126	NI	NI	NI	NI
2386	NI	NI	NI	NI
36013	NI	NI	NI	NI
22168	NI	NI	NI	NI
2078	NI	NI	NI	NI
18785	NI	NI	NI	NI
22162	NI	NI	NI	NI
31443	NI	NI	NI	NI
12410	NI	NI	NI	NI
31844	NI	NI	NI	NI
32129	NI	NI	NI	NI
39989	NI	NI	NI	NI
19724	NI	NI	NI	NI
19115	NI	NI	NI	NI
6459	NI	NI	NI	NI
5784	NI	NI	NI	NI
172	NI	NI	NI	NI
35085	NI	NI	NI	NI
18540	NI	NI	NI	NI
19769	NI	NI	NI	NI
22200	NI	NI	NI	NI
16589	NI	NI	NI	NI
1161	NI	NI	NI	NI
10608	NI	NI	NI	NI
6407	NI	NI	NI	NI
37293	NI	NI	NI	NI
5358	NI	NI	NI	NI
30536	NI	NI	NI	NI
26704	NI	NI	NI	NI
3972	NI	NI	NI	NI
8931	NI	NI	NI	NI
31569	NI	NI	NI	NI
12385	NI	NI	NI	NI
8021	NI	NI	NI	NI
19382	NI	NI	NI	NI
20893	NI	NI	NI	NI
3593	NI	NI	NI	NI
5769	NI	NI	NI	NI
39636	NI	NI	NI	NI
11046	NI	NI	NI	NI
25795	NI	NI	NI	NI
31384	NI	NI	NI	NI
21748	NI	NI	NI	NI
28280	NI	NI	NI	NI
33820	NI	NI	NI	NI
22366	NI	NI	NI	NI
34938	NI	NI	NI	NI
20761	NI	NI	NI	NI
30435	NI	NI	NI	NI
21794	NI	NI	NI	NI
29808	NI	NI	NI	NI
14643	NI	NI	NI	NI
21826	NI	NI	NI	NI
28003	NI	NI	NI	NI
26339	NI	NI	NI	NI
22091	NI	NI	NI	NI
8348	NI	NI	NI	NI
2735	NI	NI	NI	NI
12288	NI	NI	NI	NI
19552	NI	NI	NI	NI
21349	NI	NI	NI	NI
31437	NI	NI	NI	NI
40110	NI	NI	NI	NI
35932	NI	NI	NI	NI
1800	NI	NI	NI	NI
30569	NI	NI	NI	NI
39730	NI	NI	NI	NI
1605	NI	NI	NI	NI
21157	NI	NI	NI	NI
31816	NI	NI	NI	NI
10867	NI	NI	NI	NI
14200	NI	NI	NI	NI
26086	NI	NI	NI	NI
2256	NI	NI	NI	NI
28806	NI	NI	NI	NI
36987	NI	NI	NI	NI
27912	NI	NI	NI	NI
8461	NI	NI	NI	NI
32964	NI	NI	NI	NI
32297	NI	NI	NI	NI
21301	NI	NI	NI	NI
35836	NI	NI	NI	NI
34177	NI	NI	NI	NI
2983	NI	NI	NI	NI
31389	NI	NI	NI	NI
23560	NI	NI	NI	NI
1966	NI	NI	NI	NI
19781	NI	NI	NI	NI
12290	NI	NI	NI	NI
6640	NI	NI	NI	NI
36034	NI	NI	NI	NI
28835	NI	NI	NI	NI
31490	NI	NI	NI	NI
6570	NI	NI	NI	NI
21852	NI	NI	NI	NI
36991	NI	NI	NI	NI
15261	NI	NI	NI	NI
2074	NI	NI	NI	NI
36886	NI	NI	NI	NI
8512	NI	NI	NI	NI
32184	NI	NI	NI	NI
11438	NI	NI	NI	NI
17504	NI	NI	NI	NI
37533	NI	NI	NI	NI
32198	NI	NI	NI	NI
25987	NI	NI	NI	NI
17591	NI	NI	NI	NI
14106	NI	NI	NI	NI
1601	NI	NI	NI	NI
18443	NI	NI	NI	NI
30048	NI	NI	NI	NI
3940	NI	NI	NI	NI
17315	NI	NI	NI	NI
735	NI	NI	NI	NI
28345	NI	NI	NI	NI
11988	NI	NI	NI	NI
22644	NI	NI	NI	NI
4993	NI	NI	NI	NI
7170	NI	NI	NI	NI
30081	NI	NI	NI	NI
4138	NI	NI	NI	NI
25593	NI	NI	NI	NI
26910	NI	NI	NI	NI
15054	NI	NI	NI	NI
7981	NI	NI	NI	NI
18331	NI	NI	NI	NI
12688	NI	NI	NI	NI
290	NI	NI	NI	NI
8876	NI	NI	NI	NI
7191	NI	NI	NI	NI
12012	NI	NI	NI	NI
9753	NI	NI	NI	NI
2570	NI	NI	NI	NI
8256	NI	NI	NI	NI
10678	NI	NI	NI	NI
5848	NI	NI	NI	NI
36882	NI	NI	NI	NI
16911	NI	NI	NI	NI
27517	NI	NI	NI	NI
39820	NI	NI	NI	NI
6275	NI	NI	NI	NI
20617	NI	NI	NI	NI
2312	NI	NI	NI	NI
27558	NI	NI	NI	NI
19961	NI	NI	NI	NI
20964	NI	NI	NI	NI
11464	NI	NI	NI	NI
21006	NI	NI	NI	NI
8587	NI	NI	NI	NI
7428	NI	NI	NI	NI
33157	NI	NI	NI	NI
35718	NI	NI	NI	NI
7046	NI	NI	NI	NI
17705	NI	NI	NI	NI
5217	NI	NI	NI	NI
36101	NI	NI	NI	NI
34851	NI	NI	NI	NI
8992	NI	NI	NI	NI
32559	NI	NI	NI	NI
33803	NI	NI	NI	NI
2138	NI	NI	NI	NI
901	NI	NI	NI	NI
4127	NI	NI	NI	NI
26685	NI	NI	NI	NI
29131	NI	NI	NI	NI
11663	NI	NI	NI	NI
5106	NI	NI	NI	NI
23181	NI	NI	NI	NI
2448	NI	NI	NI	NI
18043	NI	NI	NI	NI
17334	NI	NI	NI	NI
28200	NI	NI	NI	NI
29644	NI	NI	NI	NI
15062	NI	NI	NI	NI
1788	NI	NI	NI	NI
19914	NI	NI	NI	NI
27414	NI	NI	NI	NI
6471	NI	NI	NI	NI
27369	NI	NI	NI	NI
37988	NI	NI	NI	NI
1658	NI	NI	NI	NI
24919	NI	NI	NI	NI
22582	NI	NI	NI	NI
34089	NI	NI	NI	NI
8509	NI	NI	NI	NI
21908	NI	NI	NI	NI
16924	NI	NI	NI	NI
3293	NI	NI	NI	NI
14222	NI	NI	NI	NI
4838	NI	NI	NI	NI
7540	NI	NI	NI	NI
12021	NI	NI	NI	NI
16014	NI	NI	NI	NI
36698	NI	NI	NI	NI
20975	NI	NI	NI	NI
17556	NI	NI	NI	NI
14873	NI	NI	NI	NI
24754	NI	NI	NI	NI
36549	NI	NI	NI	NI
30295	NI	NI	NI	NI
31412	NI	NI	NI	NI
26558	NI	NI	NI	NI
38709	NI	NI	NI	NI
15206	NI	NI	NI	NI
36267	NI	NI	NI	NI
36140	NI	NI	NI	NI
30706	NI	NI	NI	NI
30942	NI	NI	NI	NI
15658	NI	NI	NI	NI
7513	NI	NI	NI	NI
17581	NI	NI	NI	NI
34496	NI	NI	NI	NI
31147	NI	NI	NI	NI
31120	NI	NI	NI	NI
36460	NI	NI	NI	NI
2063	NI	NI	NI	NI
35792	NI	NI	NI	NI
36926	NI	NI	NI	NI
27269	NI	NI	NI	NI
24786	NI	NI	NI	NI
33611	NI	NI	NI	NI
38637	NI	NI	NI	NI
29551	NI	NI	NI	NI
14512	NI	NI	NI	NI
5156	NI	NI	NI	NI
28704	NI	NI	NI	NI
21928	NI	NI	NI	NI
19358	NI	NI	NI	NI
7095	NI	NI	NI	NI
27453	NI	NI	NI	NI
20746	NI	NI	NI	NI
7159	NI	NI	NI	NI
17609	NI	NI	NI	NI
15168	NI	NI	NI	NI
33455	NI	NI	NI	NI
27621	NI	NI	NI	NI
12764	NI	NI	NI	NI
13109	NI	NI	NI	NI
36972	NI	NI	NI	NI
32812	NI	NI	NI	NI
18274	NI	NI	NI	NI
22566	NI	NI	NI	NI
16139	NI	NI	NI	NI
23099	NI	NI	NI	NI
30933	NI	NI	NI	NI
21677	NI	NI	NI	NI
37578	NI	NI	NI	NI
16785	NI	NI	NI	NI
7915	NI	NI	NI	NI
1859	NI	NI	NI	NI
17289	NI	NI	NI	NI
14946	NI	NI	NI	NI
7932	NI	NI	NI	NI
38588	NI	NI	NI	NI
18810	NI	NI	NI	NI
35056	NI	NI	NI	NI
19911	NI	NI	NI	NI
26036	NI	NI	NI	NI
20349	NI	NI	NI	NI
21498	NI	NI	NI	NI
28386	NI	NI	NI	NI
5794	NI	NI	NI	NI
35743	NI	NI	NI	NI
10865	NI	NI	NI	NI
23998	NI	NI	NI	NI
28231	NI	NI	NI	NI
7177	NI	NI	NI	NI
14579	NI	NI	NI	NI
15809	NI	NI	NI	NI
28803	NI	NI	NI	NI
36270	NI	NI	NI	NI
16797	NI	NI	NI	NI
7798	NI	NI	NI	NI
20348	NI	NI	NI	NI
30305	NI	NI	NI	NI
26916	NI	NI	NI	NI
10488	NI	NI	NI	NI
26806	NI	NI	NI	NI
7366	NI	NI	NI	NI
40034	NI	NI	NI	NI
13392	NI	NI	NI	NI
24616	NI	NI	NI	NI
39688	NI	NI	NI	NI
3418	NI	NI	NI	NI
16506	NI	NI	NI	NI
31194	NI	NI	NI	NI
1296	NI	NI	NI	NI
8340	NI	NI	NI	NI
29396	NI	NI	NI	NI
7751	NI	NI	NI	NI
15131	NI	NI	NI	NI
33952	NI	NI	NI	NI
13823	NI	NI	NI	NI
10601	NI	NI	NI	NI
40064	NI	NI	NI	NI
27597	NI	NI	NI	NI
7323	NI	NI	NI	NI
38042	NI	NI	NI	NI
5586	NI	NI	NI	NI
14646	NI	NI	NI	NI
15078	NI	NI	NI	NI
8976	NI	NI	NI	NI
32032	NI	NI	NI	NI
17813	NI	NI	NI	NI
3318	NI	NI	NI	NI
9533	NI	NI	NI	NI
35867	NI	NI	NI	NI
30055	NI	NI	NI	NI
13568	NI	NI	NI	NI
31312	NI	NI	NI	NI
27842	NI	NI	NI	NI
32721	NI	NI	NI	NI
33870	NI	NI	NI	NI
40023	NI	NI	NI	NI
28424	NI	NI	NI	NI
29447	NI	NI	NI	NI
33721	NI	NI	NI	NI
37018	NI	NI	NI	NI
12263	NI	NI	NI	NI
36079	NI	NI	NI	NI
37603	NI	NI	NI	NI
1317	NI	NI	NI	NI
1174	NI	NI	NI	NI
3500	NI	NI	NI	NI
38697	NI	NI	NI	NI
31862	NI	NI	NI	NI
36154	NI	NI	NI	NI
14518	NI	NI	NI	NI
29612	NI	NI	NI	NI
34308	NI	NI	NI	NI
457	NI	NI	NI	NI
19336	NI	NI	NI	NI
39917	NI	NI	NI	NI
11641	NI	NI	NI	NI
23106	NI	NI	NI	NI
15358	NI	NI	NI	NI
16927	NI	NI	NI	NI
9040	NI	NI	NI	NI
32143	NI	NI	NI	NI
30245	NI	NI	NI	NI
13015	NI	NI	NI	NI
18571	NI	NI	NI	NI
11352	NI	NI	NI	NI
14134	NI	NI	NI	NI
24208	NI	NI	NI	NI
24221	NI	NI	NI	NI
17326	NI	NI	NI	NI
31461	NI	NI	NI	NI
16399	NI	NI	NI	NI
38051	NI	NI	NI	NI
23832	NI	NI	NI	NI
2012	NI	NI	NI	NI
26455	NI	NI	NI	NI
853	NI	NI	NI	NI
3351	NI	NI	NI	NI
2304	NI	NI	NI	NI
29420	NI	NI	NI	NI
792	NI	NI	NI	NI
3863	NI	NI	NI	NI
36361	NI	NI	NI	NI
37099	NI	NI	NI	NI
25775	NI	NI	NI	NI
6462	NI	NI	NI	NI
35723	NI	NI	NI	NI
4620	NI	NI	NI	NI
27665	NI	NI	NI	NI
9164	NI	NI	NI	NI
7388	NI	NI	NI	NI
18963	NI	NI	NI	NI
8613	NI	NI	NI	NI
16600	NI	NI	NI	NI
35727	NI	NI	NI	NI
31911	NI	NI	NI	NI
2788	NI	NI	NI	NI
12335	NI	NI	NI	NI
32489	NI	NI	NI	NI
14158	NI	NI	NI	NI
20878	NI	NI	NI	NI
1289	NI	NI	NI	NI
36105	NI	NI	NI	NI
18376	NI	NI	NI	NI
6996	NI	NI	NI	NI
1865	NI	NI	NI	NI
32115	NI	NI	NI	NI
10655	NI	NI	NI	NI
10599	NI	NI	NI	NI
38990	NI	NI	NI	NI
16815	NI	NI	NI	NI
3675	NI	NI	NI	NI
18178	NI	NI	NI	NI
15604	NI	NI	NI	NI
27656	NI	NI	NI	NI
12962	NI	NI	NI	NI
31492	GAL	NI	NI	NI
9641	GAL	NI	NI	NI
13054	STAR	NI	NI	NI
33203	GAL	NI	NI	NI
38763	JUNK	NI	NI	NI
21856	GAL	NI	NI	NI
7937	GAL	NI	NI	NI
32585	GAL	NI	NI	NI
17900	STAR	NI	NI	NI
17219	GAL	NI	NI	NI
17702	GAL	NI	NI	NI
38809	STAR	NI	NI	NI
37393	GAL	NI	NI	NI
18532	JUNK	NI	NI	NI
3335	STAR	NI	NI	NI
13997	UNK	NI	NI	NI
26827	FRAG	NI	NI	NI
32286	STAR	NI	NI	NI
25802	GAL	NI	NI	NI
22023	GAL	NI	NI	NI
12026	GAL	NI	NI	NI
19012	GAL	NI	NI	NI
27968	GAL	NI	NI	NI
14587	FRAG	NI	NI	NI
6617	FRAG	NI	NI	NI
25316	GAL	NI	NI	NI
26413	UNK	NI	NI	NI
32817	GAL	NI	NI	NI
30304	GAL	NI	NI	NI
9104	GAL	NI	NI	NI
6796	STAR	NI	NI	NI
18651	GAL	NI	NI	NI
29348	GAL	NI	NI	NI
6649	DS/H	NI	NI	NI
12271	GAL	NI	NI	NI
18305	GAL	NI	NI	NI
25801	GAL	NI	NI	NI
37536	STAR	NI	NI	NI
12027	GAL	NI	NI	NI
175	STAR	NI	NI	NI
40251	GAL	NI	NI	NI
25302	GAL	NI	NI	NI
28811	GAL	NI	NI	NI
22939	DS/H	NI	NI	NI
22641	GAL	NI	NI	NI
23113	BT	NI	NI	NI
28445	FRAG	NI	NI	NI
2014	BT	NI	NI	NI
28959	DS/H	NI	NI	NI
19038	STAR	NI	NI	NI
2911	GAL	NI	NI	NI
18063	GAL	NI	NI	NI
28088	GAL	NI	NI	NI
2916	UNK	NI	NI	NI
15903	GAL	NI	NI	NI
27605	STAR	NI	NI	NI
1630	GAL	NI	NI	NI
15319	STAR	NI	NI	NI
33499	GAL	NI	NI	NI
28869	STAR	NI	NI	NI
6746	GAL	NI	NI	NI
9768	GAL	NI	NI	NI
7290	GAL	NI	NI	NI
31638	FRAG	NI	NI	NI
4206	BT	NI	NI	NI
24151	FRAG	NI	NI	NI
29102	STAR	NI	NI	NI
38087	GAL	NI	NI	NI
18022	JUNK	NI	NI	NI
18084	GAL	NI	NI	NI
28081	GAL	NI	NI	NI
18713	STAR	NI	NI	NI
6044	GAL	NI	NI	NI
7327	STAR	NI	NI	NI
8644	GAL	NI	NI	NI
40082	GAL	NI	NI	NI
10072	GAL	NI	NI	NI
15439	DS/H	NI	NI	NI
18575	STAR	NI	NI	NI
35966	GAL	NI	NI	NI
11065	STAR	NI	NI	NI
36975	GAL	NI	NI	NI
35505	STAR	NI	NI	NI
28676	DS/H	NI	NI	NI
17605	DS/H	NI	NI	NI
9210	GAL	NI	NI	NI
13103	UNK	NI	NI	NI
21897	GAL	NI	NI	NI
29561	GAL	NI	NI	NI
15663	GAL	NI	NI	NI
7807	GAL	NI	NI	NI
33237	GAL	NI	NI	NI
29006	GAL	NI	NI	NI
5674	DS/H	NI	NI	NI
3270	GAL	NI	NI	NI
5836	STAR	NI	NI	NI
15047	GAL	NI	NI	NI
1005	DS/H	NI	NI	NI
36334	GAL	NI	NI	NI
31116	FRAG	NI	NI	NI
21593	GAL	NI	NI	NI
27985	FRAG	NI	NI	NI
39811	DS/H	NI	NI	NI
31924	GAL	NI	NI	NI
26263	DS/H	NI	NI	NI
18250	FRAG	NI	NI	NI
21532	GAL	NI	NI	NI
3457	GAL	NI	NI	NI
607	STAR	NI	NI	NI
26664	FRAG	NI	NI	NI
20580	GAL	NI	NI	NI
28221	GAL	NI	NI	NI
11455	STAR	NI	NI	NI
9772	GAL	NI	NI	NI
34488	DS/H	NI	NI	NI
35911	DS/H	NI	NI	NI
21757	GAL	NI	NI	NI
12297	DS/H	NI	NI	NI
21727	GAL	NI	NI	NI
22867	DS/H	NI	NI	NI
12771	NI	NI	NI	NI
26825	NI	NI	NI	NI
33746	NI	NI	NI	NI
24980	NI	NI	NI	NI
15967	NI	NI	NI	NI
23197	NI	NI	NI	NI
12575	NI	NI	NI	NI
20171	NI	NI	NI	NI
36535	NI	NI	NI	NI
19209	NI	NI	NI	NI
37926	NI	NI	NI	NI
18160	NI	NI	NI	NI
16878	NI	NI	NI	NI
3814	NI	NI	NI	NI
18243	NI	NI	NI	NI
642	NI	NI	NI	NI
29654	NI	NI	NI	NI
551	NI	NI	NI	NI
11998	NI	NI	NI	NI
4148	NI	NI	NI	NI
28296	NI	NI	NI	NI
21832	NI	NI	NI	NI
8938	NI	NI	NI	NI
26677	NI	NI	NI	NI
24210	NI	NI	NI	NI
14817	NI	NI	NI	NI
37922	NI	NI	NI	NI
38082	NI	NI	NI	NI
16947	NI	NI	NI	NI
10574	NI	NI	NI	NI
12856	NI	NI	NI	NI
19953	NI	NI	NI	NI
30546	NI	NI	NI	NI
16346	NI	NI	NI	NI
22663	NI	NI	NI	NI
3167	NI	NI	NI	NI
36268	NI	NI	NI	NI
30825	NI	NI	NI	NI
13256	NI	NI	NI	NI
33331	NI	NI	NI	NI
27337	NI	NI	NI	NI
15233	NI	NI	NI	NI
38027	NI	NI	NI	NI
16663	NI	NI	NI	NI
17435	NI	NI	NI	NI
25046	NI	NI	NI	NI
15306	NI	NI	NI	NI
10008	NI	NI	NI	NI
3528	NI	NI	NI	NI
3749	NI	NI	NI	NI
38029	NI	NI	NI	NI
3934	NI	NI	NI	NI
16846	NI	NI	NI	NI
11638	NI	NI	NI	NI
30259	NI	NI	NI	NI
5423	NI	NI	NI	NI
25389	NI	NI	NI	NI
13523	NI	NI	NI	NI
39415	NI	NI	NI	NI
26271	NI	NI	NI	NI
1774	NI	NI	NI	NI
39219	NI	NI	NI	NI
24475	NI	NI	NI	NI
6023	NI	NI	NI	NI
29094	NI	NI	NI	NI
36540	NI	NI	NI	NI
21312	NI	NI	NI	NI
36935	NI	NI	NI	NI
23118	NI	NI	NI	NI
12303	NI	NI	NI	NI
6799	NI	NI	NI	NI
38723	NI	NI	NI	NI
16161	NI	NI	NI	NI
39469	NI	NI	NI	NI
27640	NI	NI	NI	NI
14569	NI	NI	NI	NI
939	NI	NI	NI	NI
10187	NI	NI	NI	NI
437	NI	NI	NI	NI
32011	NI	NI	NI	NI
1679	NI	NI	NI	NI
21024	NI	NI	NI	NI
12976	NI	NI	NI	NI
35387	NI	NI	NI	NI
23924	NI	NI	NI	NI
20101	NI	NI	NI	NI
34127	NI	NI	NI	NI
13880	NI	NI	NI	NI
10393	NI	NI	NI	NI
28142	NI	NI	NI	NI
10812	NI	NI	NI	NI
36880	NI	NI	NI	NI
34696	NI	NI	NI	NI
3493	NI	NI	NI	NI
34834	NI	NI	NI	NI
21994	NI	NI	NI	NI
11037	NI	NI	NI	NI
32347	NI	NI	NI	NI
27732	NI	NI	NI	NI
6256	NI	NI	NI	NI
29314	NI	NI	NI	NI
2220	NI	NI	NI	NI
18306	NI	NI	NI	NI
1171	NI	NI	NI	NI
10587	NI	NI	NI	NI
11053	NI	NI	NI	NI
27565	NI	NI	NI	NI
37570	NI	NI	NI	NI
18525	NI	NI	NI	NI
1240	NI	NI	NI	NI
25189	NI	NI	NI	NI
11687	NI	NI	NI	NI
19019	NI	NI	NI	NI
10118	NI	NI	NI	NI
39214	NI	NI	NI	NI
38178	NI	NI	NI	NI
19720	NI	NI	NI	NI
2690	NI	NI	NI	NI
12018	NI	NI	NI	NI
37008	NI	NI	NI	NI
12217	NI	NI	NI	NI
31953	NI	NI	NI	NI
1006	NI	NI	NI	NI
32880	NI	NI	NI	NI
29095	NI	NI	NI	NI
31200	NI	NI	NI	NI
20134	NI	NI	NI	NI
1133	NI	NI	NI	NI
20317	NI	NI	NI	NI
11774	NI	NI	NI	NI
6850	NI	NI	NI	NI
20560	NI	NI	NI	NI
15232	NI	NI	NI	NI
36450	NI	NI	NI	NI
15898	NI	NI	NI	NI
1445	NI	NI	NI	NI
28279	NI	NI	NI	NI
30136	NI	NI	NI	NI
28728	NI	NI	NI	NI
4488	NI	NI	NI	NI
40258	NI	NI	NI	NI
37371	NI	NI	NI	NI
9059	NI	NI	NI	NI
17754	NI	NI	NI	NI
27660	NI	NI	NI	NI
21513	NI	NI	NI	NI
34058	NI	NI	NI	NI
24614	NI	NI	NI	NI
21189	NI	NI	NI	NI
37979	NI	NI	NI	NI
30499	NI	NI	NI	NI
35472	NI	NI	NI	NI
25007	NI	NI	NI	NI
32794	NI	NI	NI	NI
7421	NI	NI	NI	NI
17474	NI	NI	NI	NI
8852	NI	NI	NI	NI
36583	NI	NI	NI	NI
26189	NI	NI	NI	NI
17774	NI	NI	NI	NI
2606	NI	NI	NI	NI
10673	NI	NI	NI	NI
25504	NI	NI	NI	NI
23116	NI	NI	NI	NI
17908	NI	NI	NI	NI
10032	NI	NI	NI	NI
33225	NI	NI	NI	NI
21893	NI	NI	NI	NI
7935	NI	NI	NI	NI
25034	NI	NI	NI	NI
30790	NI	NI	NI	NI
7658	NI	NI	NI	NI
38630	NI	NI	NI	NI
4885	NI	NI	NI	NI
15197	NI	NI	NI	NI
34459	NI	NI	NI	NI
22906	NI	NI	NI	NI
27735	NI	NI	NI	NI
15564	NI	NI	NI	NI
8411	NI	NI	NI	NI
16771	NI	NI	NI	NI
10750	NI	NI	NI	NI
35007	NI	NI	NI	NI
17082	NI	NI	NI	NI
40178	NI	NI	NI	NI
14668	NI	NI	NI	NI
9722	NI	NI	NI	NI
21998	NI	NI	NI	NI
213	NI	NI	NI	NI
5074	NI	NI	NI	NI
19594	NI	NI	NI	NI
16825	NI	NI	NI	NI
40038	NI	NI	NI	NI
28361	NI	NI	NI	NI
19812	NI	NI	NI	NI
17262	NI	NI	NI	NI
32848	NI	NI	NI	NI
32177	NI	NI	NI	NI
1216	NI	NI	NI	NI
19005	NI	NI	NI	NI
9256	NI	NI	NI	NI
36110	NI	NI	NI	NI
10076	NI	NI	NI	NI
29118	NI	NI	NI	NI
14027	NI	NI	NI	NI
8205	NI	NI	NI	NI
13340	NI	NI	NI	NI
11089	NI	NI	NI	NI
27987	NI	NI	NI	NI
671	NI	NI	NI	NI
21337	NI	NI	NI	NI
16271	NI	NI	NI	NI
36412	NI	NI	NI	NI
19513	NI	NI	NI	NI
35730	NI	NI	NI	NI
2004	NI	NI	NI	NI
21546	NI	NI	NI	NI
30292	NI	NI	NI	NI
4238	NI	NI	NI	NI
409	NI	NI	NI	NI
24647	NI	NI	NI	NI
21923	NI	NI	NI	NI
22499	NI	NI	NI	NI
9561	NI	NI	NI	NI
27422	NI	NI	NI	NI
39327	NI	NI	NI	NI
205	NI	NI	NI	NI
22512	NI	NI	NI	NI
23346	NI	NI	NI	NI
30503	NI	NI	NI	NI
30086	NI	NI	NI	NI
20725	NI	NI	NI	NI
6383	NI	NI	NI	NI
9701	NI	NI	NI	NI
20001	NI	NI	NI	NI
24869	NI	NI	NI	NI
18685	NI	NI	NI	NI
10922	NI	NI	NI	NI
24460	NI	NI	NI	NI
21767	NI	NI	NI	NI
32190	NI	NI	NI	NI
21807	NI	NI	NI	NI
3569	NI	NI	NI	NI
26229	NI	NI	NI	NI
18318	NI	NI	NI	NI
27676	NI	NI	NI	NI
40240	NI	NI	NI	NI
14104	NI	NI	NI	NI
27812	NI	NI	NI	NI
15222	NI	NI	NI	NI
16326	NI	NI	NI	NI
12945	NI	NI	NI	NI
8751	NI	NI	NI	NI
28992	NI	NI	NI	NI
10237	NI	NI	NI	NI
16531	NI	NI	NI	NI
3009	NI	NI	NI	NI
24205	NI	NI	NI	NI
36093	NI	NI	NI	NI
30091	NI	NI	NI	NI
15572	NI	NI	NI	NI
27958	NI	NI	NI	NI
17130	NI	NI	NI	NI
8865	NI	NI	NI	NI
10975	NI	NI	NI	NI
22730	NI	NI	NI	NI
18314	NI	NI	NI	NI
36085	NI	NI	NI	NI
37612	NI	NI	NI	NI
5462	NI	NI	NI	NI
15547	NI	NI	NI	NI
558	NI	NI	NI	NI
7066	NI	NI	NI	NI
8341	NI	NI	NI	NI
39074	NI	NI	NI	NI
7213	NI	NI	NI	NI
2593	NI	NI	NI	NI
35218	NI	NI	NI	NI
24056	NI	NI	NI	NI
22486	NI	NI	NI	NI
22303	NI	NI	NI	NI
23295	NI	NI	NI	NI
31854	NI	NI	NI	NI
12037	NI	NI	NI	NI
451	NI	NI	NI	NI
12684	NI	NI	NI	NI
38592	NI	NI	NI	NI
2027	NI	NI	NI	NI
22317	NI	NI	NI	NI
34845	NI	NI	NI	NI
2273	NI	NI	NI	NI
2703	NI	NI	NI	NI
28753	NI	NI	NI	NI
39849	NI	NI	NI	NI
34212	NI	NI	NI	NI
21914	NI	NI	NI	NI
39693	NI	NI	NI	NI
24641	NI	NI	NI	NI
3698	NI	NI	NI	NI
981	NI	NI	NI	NI
29057	NI	NI	NI	NI
52	NI	NI	NI	NI
7664	NI	NI	NI	NI
25964	NI	NI	NI	NI
20955	NI	NI	NI	NI
5591	NI	NI	NI	NI
7198	NI	NI	NI	NI
12851	NI	NI	NI	NI
9311	NI	NI	NI	NI
7245	NI	NI	NI	NI
9465	NI	NI	NI	NI
32366	NI	NI	NI	NI
8581	NI	NI	NI	NI
37765	NI	NI	NI	NI
25918	NI	NI	NI	NI
11426	NI	NI	NI	NI
34172	NI	NI	NI	NI
21969	NI	NI	NI	NI
26837	NI	NI	NI	NI
20133	NI	NI	NI	NI
23437	NI	NI	NI	NI
12317	NI	NI	NI	NI
3015	NI	NI	NI	NI
7977	NI	NI	NI	NI
21480	NI	NI	NI	NI
29477	NI	NI	NI	NI
2016	NI	NI	NI	NI
28903	NI	NI	NI	NI
31424	NI	NI	NI	NI
38684	NI	NI	NI	NI
15724	NI	NI	NI	NI
28765	NI	NI	NI	NI
36213	NI	NI	NI	NI
24718	NI	NI	NI	NI
26481	NI	NI	NI	NI
25051	NI	NI	NI	NI
29071	NI	NI	NI	NI
12441	NI	NI	NI	NI
12142	NI	NI	NI	NI
4200	NI	NI	NI	NI
6216	NI	NI	NI	NI
2613	NI	NI	NI	NI
35832	NI	NI	NI	NI
18008	NI	NI	NI	NI
15284	NI	NI	NI	NI
16423	NI	NI	NI	NI
2296	NI	NI	NI	NI
25187	NI	NI	NI	NI
27430	NI	NI	NI	NI
591	NI	NI	NI	NI
38913	NI	NI	NI	NI
32300	NI	NI	NI	NI
30137	NI	NI	NI	NI
9456	NI	NI	NI	NI
4422	NI	NI	NI	NI
7649	NI	NI	NI	NI
7781	NI	NI	NI	NI
21860	NI	NI	NI	NI
5057	NI	NI	NI	NI
32831	NI	NI	NI	NI
16015	NI	NI	NI	NI
26157	NI	NI	NI	NI
2555	NI	NI	NI	NI
10194	NI	NI	NI	NI
17732	NI	NI	NI	NI
36042	NI	NI	NI	NI
39149	NI	NI	NI	NI
33675	NI	NI	NI	NI
17822	NI	NI	NI	NI
38639	NI	NI	NI	NI
16863	NI	NI	NI	NI
25319	NI	NI	NI	NI
1701	NI	NI	NI	NI
33855	NI	NI	NI	NI
28051	NI	NI	NI	NI
15626	NI	NI	NI	NI
25061	NI	NI	NI	NI
18568	NI	NI	NI	NI
2111	NI	NI	NI	NI
26614	NI	NI	NI	NI
1027	NI	NI	NI	NI
27759	NI	NI	NI	NI
2441	NI	NI	NI	NI
13571	NI	NI	NI	NI
35486	NI	NI	NI	NI
8321	NI	NI	NI	NI
35574	NI	NI	NI	NI
2721	NI	NI	NI	NI
2569	NI	NI	NI	NI
27445	NI	NI	NI	NI
23638	NI	NI	NI	NI
16731	NI	NI	NI	NI
20767	NI	NI	NI	NI
24397	NI	NI	NI	NI
7524	NI	NI	NI	NI
4177	NI	NI	NI	NI
35555	NI	NI	NI	NI
10024	NI	NI	NI	NI
24501	NI	NI	NI	NI
14372	NI	NI	NI	NI
2862	NI	NI	NI	NI
15140	NI	NI	NI	NI
6835	NI	NI	NI	NI
10254	NI	NI	NI	NI
8360	NI	NI	NI	NI
28662	NI	NI	NI	NI
10177	NI	NI	NI	NI
18364	NI	NI	NI	NI
33873	NI	NI	NI	NI
39019	NI	NI	NI	NI
32934	NI	NI	NI	NI
1852	NI	NI	NI	NI
22501	NI	NI	NI	NI
18504	NI	NI	NI	NI
36527	NI	NI	NI	NI
2852	NI	NI	NI	NI
12694	NI	NI	NI	NI
5111	NI	NI	NI	NI
8675	NI	NI	NI	NI
22693	NI	NI	NI	NI
15110	NI	NI	NI	NI
9276	NI	NI	NI	NI
39596	NI	NI	NI	NI
21943	NI	NI	NI	NI
8514	NI	NI	NI	NI
24693	NI	NI	NI	NI
18010	NI	NI	NI	NI
14210	NI	NI	NI	NI
12548	NI	NI	NI	NI
787	NI	NI	NI	NI
36660	NI	NI	NI	NI
37135	NI	NI	NI	NI
16587	NI	NI	NI	NI
21873	NI	NI	NI	NI
24524	NI	NI	NI	NI
21721	NI	NI	NI	NI
15513	NI	NI	NI	NI
38765	NI	NI	NI	NI
18019	NI	NI	NI	NI
27798	NI	NI	NI	NI
2832	NI	NI	NI	NI
28115	NI	NI	NI	NI
34672	NI	NI	NI	NI
18516	NI	NI	NI	NI
14482	NI	NI	NI	NI
23362	NI	NI	NI	NI
4114	NI	NI	NI	NI
23246	NI	NI	NI	NI
21978	NI	NI	NI	NI
31645	NI	NI	NI	NI
38210	NI	NI	NI	NI
35952	NI	NI	NI	NI
2693	NI	NI	NI	NI
35688	NI	NI	NI	NI
35263	NI	NI	NI	NI
34974	NI	NI	NI	NI
7824	NI	NI	NI	NI
25744	NI	NI	NI	NI
21726	NI	NI	NI	NI
1791	NI	NI	NI	NI
21238	NI	NI	NI	NI
30461	NI	NI	NI	NI
22741	NI	NI	NI	NI
25009	NI	NI	NI	NI
5777	NI	NI	NI	NI
39542	NI	NI	NI	NI
18115	NI	NI	NI	NI
25428	NI	NI	NI	NI
23545	NI	NI	NI	NI
38767	NI	NI	NI	NI
27576	NI	NI	NI	NI
28063	NI	NI	NI	NI
24871	NI	NI	NI	NI
3540	NI	NI	NI	NI
24556	NI	NI	NI	NI
3498	NI	NI	NI	NI
32104	NI	NI	NI	NI
19321	NI	NI	NI	NI
15212	NI	NI	NI	NI
6948	NI	NI	NI	NI
29849	NI	NI	NI	NI
2950	NI	NI	NI	NI
19889	NI	NI	NI	NI
8059	NI	NI	NI	NI
29563	NI	NI	NI	NI
31626	NI	NI	NI	NI
30532	NI	NI	NI	NI
9847	NI	NI	NI	NI
18410	NI	NI	NI	NI
29623	NI	NI	NI	NI
38076	NI	NI	NI	NI
7588	NI	NI	NI	NI
27992	NI	NI	NI	NI
36003	NI	NI	NI	NI
27559	NI	NI	NI	NI
25217	NI	NI	NI	NI
21504	NI	NI	NI	NI
31375	NI	NI	NI	NI
34898	NI	NI	NI	NI
17808	NI	NI	NI	NI
28401	NI	NI	NI	NI
37685	NI	NI	NI	NI
21434	NI	NI	NI	NI
6605	NI	NI	NI	NI
39721	NI	NI	NI	NI
17510	NI	NI	NI	NI
10069	NI	NI	NI	NI
7621	NI	NI	NI	NI
29794	NI	NI	NI	NI
38733	NI	NI	NI	NI
18462	NI	NI	NI	NI
6508	NI	NI	NI	NI
35863	NI	NI	NI	NI
318	NI	NI	NI	NI
22952	NI	NI	NI	NI
28920	NI	NI	NI	NI
22064	NI	NI	NI	NI
27586	NI	NI	NI	NI
13101	NI	NI	NI	NI
16800	NI	NI	NI	NI
26241	NI	NI	NI	NI
21177	NI	NI	NI	NI
29791	NI	NI	NI	NI
23003	NI	NI	NI	NI
17953	NI	NI	NI	NI
6491	NI	NI	NI	NI
34569	NI	NI	NI	NI
19067	NI	NI	NI	NI
14399	NI	NI	NI	NI
35280	NI	NI	NI	NI
35540	NI	NI	NI	NI
11109	NI	NI	NI	NI
12542	NI	NI	NI	NI
30622	NI	NI	NI	NI
38306	NI	NI	NI	NI
38573	NI	NI	NI	NI
6933	NI	NI	NI	NI
39321	NI	NI	NI	NI
36644	NI	NI	NI	NI
34825	NI	NI	NI	NI
9759	NI	NI	NI	NI
21528	NI	NI	NI	NI
15374	NI	NI	NI	NI
10161	NI	NI	NI	NI
18831	NI	NI	NI	NI
24324	NI	NI	NI	NI
39276	NI	NI	NI	NI
16708	NI	NI	NI	NI
5065	NI	NI	NI	NI
28631	NI	NI	NI	NI
17341	NI	NI	NI	NI
14716	NI	NI	NI	NI
20076	NI	NI	NI	NI
5430	NI	NI	NI	NI
4569	NI	NI	NI	NI
40166	NI	NI	NI	NI
22548	NI	NI	NI	NI
9959	NI	NI	NI	NI
26361	NI	NI	NI	NI
20339	NI	NI	NI	NI
26561	NI	NI	NI	NI
28871	NI	NI	NI	NI
10055	NI	NI	NI	NI
28698	NI	NI	NI	NI
19196	NI	NI	NI	NI
27636	NI	NI	NI	NI
5867	NI	NI	NI	NI
6282	NI	NI	NI	NI
39931	NI	NI	NI	NI
23543	NI	NI	NI	NI
31374	NI	NI	NI	NI
7503	NI	NI	NI	NI
14682	NI	NI	NI	NI
402	NI	NI	NI	NI
6567	NI	NI	NI	NI
36589	NI	NI	NI	NI
4895	NI	NI	NI	NI
40200	NI	NI	NI	NI
4910	NI	NI	NI	NI
25338	NI	NI	NI	NI
32873	NI	NI	NI	NI
11332	NI	NI	NI	NI
31354	NI	NI	NI	NI
10499	NI	NI	NI	NI
35341	NI	NI	NI	NI
13506	NI	NI	NI	NI
19795	NI	NI	NI	NI
5453	NI	NI	NI	NI
19815	NI	NI	NI	NI
6444	NI	NI	NI	NI
18287	NI	NI	NI	NI
27249	NI	NI	NI	NI
11074	NI	NI	NI	NI
8524	NI	NI	NI	NI
11049	NI	NI	NI	NI
11608	NI	NI	NI	NI
24685	NI	NI	NI	NI
928	NI	NI	NI	NI
577	NI	NI	NI	NI
16417	NI	NI	NI	NI
37600	NI	NI	NI	NI
10001	NI	NI	NI	NI
2603	NI	NI	NI	NI
35840	NI	NI	NI	NI
18583	NI	NI	NI	NI
21506	NI	NI	NI	NI
22472	NI	NI	NI	NI
18473	NI	NI	NI	NI
14764	NI	NI	NI	NI
2639	NI	NI	NI	NI
25840	NI	NI	NI	NI
6968	NI	NI	NI	NI
25865	NI	NI	NI	NI
1347	NI	NI	NI	NI
36293	NI	NI	NI	NI
3178	NI	NI	NI	NI
27404	NI	NI	NI	NI
6522	NI	NI	NI	NI
36169	NI	NI	NI	NI
21786	NI	NI	NI	NI
33403	NI	NI	NI	NI
14184	NI	NI	NI	NI
18935	NI	NI	NI	NI
11093	NI	NI	NI	NI
27410	NI	NI	NI	NI
20257	NI	NI	NI	NI
39135	NI	NI	NI	NI
36061	NI	NI	NI	NI
36054	NI	NI	NI	NI
14125	NI	NI	NI	NI
2171	NI	NI	NI	NI
21081	NI	NI	NI	NI
19024	NI	NI	NI	NI
31793	NI	NI	NI	NI
11356	NI	NI	NI	NI
20787	NI	NI	NI	NI
27239	NI	NI	NI	NI
33513	NI	NI	NI	NI
36029	NI	NI	NI	NI
30300	NI	NI	NI	NI
15099	NI	NI	NI	NI
29478	NI	NI	NI	NI
20932	NI	NI	NI	NI
6876	NI	NI	NI	NI
2483	NI	NI	NI	NI
7441	NI	NI	NI	NI
951	NI	NI	NI	NI
29196	NI	NI	NI	NI
25310	NI	NI	NI	NI
18132	NI	NI	NI	NI
12618	NI	NI	NI	NI
30037	NI	NI	NI	NI
21551	NI	NI	NI	NI
4087	NI	NI	NI	NI
19765	NI	NI	NI	NI
30882	NI	NI	NI	NI
264	NI	NI	NI	NI
31472	NI	NI	NI	NI
36870	NI	NI	NI	NI
8077	NI	NI	NI	NI
39058	NI	NI	NI	NI
26938	NI	NI	NI	NI
34129	NI	NI	NI	NI
15009	NI	NI	NI	NI
23953	NI	NI	NI	NI
10531	NI	NI	NI	NI
20164	NI	NI	NI	NI
2884	NI	NI	NI	NI
18976	NI	NI	NI	NI
3608	NI	NI	NI	NI
9048	NI	NI	NI	NI
25447	NI	NI	NI	NI
21711	NI	NI	NI	NI
32962	NI	NI	NI	NI
28776	NI	NI	NI	NI
6210	NI	NI	NI	NI
12119	NI	NI	NI	NI
38882	NI	NI	NI	NI
33945	NI	NI	NI	NI
11434	NI	NI	NI	NI
19337	NI	NI	NI	NI
26023	NI	NI	NI	NI
24341	NI	NI	NI	NI
36687	NI	NI	NI	NI
38339	NI	NI	NI	NI
14443	NI	NI	NI	NI
20015	NI	NI	NI	NI
3130	NI	NI	NI	NI
32216	NI	NI	NI	NI
24239	NI	NI	NI	NI
4925	NI	NI	NI	NI
20036	NI	NI	NI	NI
17858	NI	NI	NI	NI
15065	NI	NI	NI	NI
8621	NI	NI	NI	NI
16725	NI	NI	NI	NI
6607	NI	NI	NI	NI
22563	NI	NI	NI	NI
7926	NI	NI	NI	NI
39984	NI	NI	NI	NI
23428	NI	NI	NI	NI
14214	NI	NI	NI	NI
29955	NI	NI	NI	NI
32710	NI	NI	NI	NI
6761	NI	NI	NI	NI
28058	NI	NI	NI	NI
8433	NI	NI	NI	NI
10853	NI	NI	NI	NI
11417	NI	NI	NI	NI
35519	NI	NI	NI	NI
21035	NI	NI	NI	NI
3677	NI	NI	NI	NI
8654	NI	NI	NI	NI
1738	NI	NI	NI	NI
10991	NI	NI	NI	NI
13803	NI	NI	NI	NI
35594	NI	NI	NI	NI
25557	NI	NI	NI	NI
14517	NI	NI	NI	NI
11917	NI	NI	NI	NI
14373	NI	NI	NI	NI
1331	NI	NI	NI	NI
4659	NI	NI	NI	NI
37861	NI	NI	NI	NI
32439	NI	NI	NI	NI
7592	NI	NI	NI	NI
15877	NI	NI	NI	NI
15836	NI	NI	NI	NI
15910	NI	NI	NI	NI
26549	NI	NI	NI	NI
2633	NI	NI	NI	NI
26044	NI	NI	NI	NI
27266	NI	NI	NI	NI
15097	NI	NI	NI	NI
23825	NI	NI	NI	NI
22276	NI	NI	NI	NI
36862	NI	NI	NI	NI
23525	NI	NI	NI	NI
1130	NI	NI	NI	NI
36280	NI	NI	NI	NI
23919	NI	NI	NI	NI
25263	NI	NI	NI	NI
4334	NI	NI	NI	NI
20323	NI	NI	NI	NI
29912	NI	NI	NI	NI
37894	NI	NI	NI	NI
20022	NI	NI	NI	NI
17242	NI	NI	NI	NI
29953	NI	NI	NI	NI
24481	NI	NI	NI	NI
16239	NI	NI	NI	NI
37914	NI	NI	NI	NI
35102	NI	NI	NI	NI
6287	NI	NI	NI	NI
600	NI	NI	NI	NI
30064	NI	NI	NI	NI
21761	NI	NI	NI	NI
31404	NI	NI	NI	NI
7615	NI	NI	NI	NI
28169	NI	NI	NI	NI
20592	NI	NI	NI	NI
34551	NI	NI	NI	NI
4283	NI	NI	NI	NI
33250	NI	NI	NI	NI
21540	NI	NI	NI	NI
26649	NI	NI	NI	NI
20770	NI	NI	NI	NI
34147	NI	NI	NI	NI
29721	NI	NI	NI	NI
25431	NI	NI	NI	NI
22024	NI	NI	NI	NI
7673	NI	NI	NI	NI
16553	NI	NI	NI	NI
5375	NI	NI	NI	NI
15286	NI	NI	NI	NI
6954	NI	NI	NI	NI
21287	NI	NI	NI	NI
37452	NI	NI	NI	NI
39873	NI	NI	NI	NI
14020	NI	NI	NI	NI
32005	NI	NI	NI	NI
18483	NI	NI	NI	NI
3217	NI	NI	NI	NI
35780	NI	NI	NI	NI
22816	NI	NI	NI	NI
32510	NI	NI	NI	NI
16599	NI	NI	NI	NI
11056	NI	NI	NI	NI
797	NI	NI	NI	NI
17409	NI	NI	NI	NI
19581	NI	NI	NI	NI
36352	NI	NI	NI	NI
3346	NI	NI	NI	NI
6434	NI	NI	NI	NI
24564	NI	NI	NI	NI
26925	NI	NI	NI	NI
12628	NI	NI	NI	NI
3189	NI	NI	NI	NI
26813	NI	NI	NI	NI
17180	NI	NI	NI	NI
10361	NI	NI	NI	NI
14114	NI	NI	NI	NI
1980	NI	NI	NI	NI
1744	NI	NI	NI	NI
20585	NI	NI	NI	NI
38229	NI	NI	NI	NI
38997	NI	NI	NI	NI
6941	NI	NI	NI	NI
25053	NI	NI	NI	NI
21396	NI	NI	NI	NI
31359	NI	NI	NI	NI
12968	NI	NI	NI	NI
17467	NI	NI	NI	NI
34438	NI	NI	NI	NI
24332	NI	NI	NI	NI
32512	NI	NI	NI	NI
11248	NI	NI	NI	NI
13943	NI	NI	NI	NI
12254	NI	NI	NI	NI
30822	NI	NI	NI	NI
19986	NI	NI	NI	NI
34866	NI	NI	NI	NI
30421	NI	NI	NI	NI
1908	NI	NI	NI	NI
6367	NI	NI	NI	NI
20760	NI	NI	NI	NI
7982	NI	NI	NI	NI
18046	NI	NI	NI	NI
29041	NI	NI	NI	NI
10003	NI	NI	NI	NI
27476	NI	NI	NI	NI
13459	NI	NI	NI	NI
13897	NI	NI	NI	NI
4395	NI	NI	NI	NI
35352	NI	NI	NI	NI
22197	NI	NI	NI	NI
35623	NI	NI	NI	NI
24224	NI	NI	NI	NI
29426	NI	NI	NI	NI
26390	NI	NI	NI	NI
10872	NI	NI	NI	NI
10933	NI	NI	NI	NI
24202	NI	NI	NI	NI
15166	NI	NI	NI	NI
28009	NI	NI	NI	NI
28359	NI	NI	NI	NI
1279	NI	NI	NI	NI
36841	NI	NI	NI	NI
30803	NI	NI	NI	NI
23062	NI	NI	NI	NI
14688	NI	NI	NI	NI
34813	NI	NI	NI	NI
5416	NI	NI	NI	NI
16215	NI	NI	NI	NI
15194	NI	NI	NI	NI
9101	NI	NI	NI	NI
14552	NI	NI	NI	NI
40095	NI	NI	NI	NI
17123	NI	NI	NI	NI
29915	NI	NI	NI	NI
1709	NI	NI	NI	NI
11838	NI	NI	NI	NI
29278	NI	NI	NI	NI
12301	NI	NI	NI	NI
8755	NI	NI	NI	NI
25893	NI	NI	NI	NI
32726	NI	NI	NI	NI
22188	NI	NI	NI	NI
18392	NI	NI	NI	NI
1891	NI	NI	NI	NI
32194	NI	NI	NI	NI
26236	NI	NI	NI	NI
10506	NI	NI	NI	NI
23277	NI	NI	NI	NI
18537	NI	NI	NI	NI
12407	NI	NI	NI	NI
38379	NI	NI	NI	NI
6562	NI	NI	NI	NI
13319	NI	NI	NI	NI
9555	NI	NI	NI	NI
8591	NI	NI	NI	NI
2302	NI	NI	NI	NI
5051	NI	NI	NI	NI
25749	NI	NI	NI	NI
21991	NI	NI	NI	NI
22243	NI	NI	NI	NI
10604	NI	NI	NI	NI
8437	NI	NI	NI	NI
27318	NI	NI	NI	NI
30396	NI	NI	NI	NI
21857	NI	NI	NI	NI
11985	NI	NI	NI	NI
27625	NI	NI	NI	NI
18753	NI	NI	NI	NI
13672	NI	NI	NI	NI
17111	NI	NI	NI	NI
11014	NI	NI	NI	NI
39171	NI	NI	NI	NI
38318	NI	NI	NI	NI
7351	NI	NI	NI	NI
4451	NI	NI	NI	NI
32095	NI	NI	NI	NI
2136	NI	NI	NI	NI
18655	NI	NI	NI	NI
16714	NI	NI	NI	NI
3723	NI	NI	NI	NI
3979	NI	NI	NI	NI
30820	NI	NI	NI	NI
12937	NI	NI	NI	NI
22659	NI	NI	NI	NI
6498	NI	NI	NI	NI
34862	NI	NI	NI	NI
38164	NI	NI	NI	NI
18559	NI	NI	NI	NI
25916	NI	NI	NI	NI
16511	NI	NI	NI	NI
33725	NI	NI	NI	NI
9795	NI	NI	NI	NI
25541	NI	NI	NI	NI
30493	NI	NI	NI	NI
16196	NI	NI	NI	NI
17708	NI	NI	NI	NI
19994	NI	NI	NI	NI
12608	NI	NI	NI	NI
5772	NI	NI	NI	NI
18612	NI	NI	NI	NI
39894	NI	NI	NI	NI
28144	NI	NI	NI	NI
18400	NI	NI	NI	NI
22780	NI	NI	NI	NI
33715	NI	NI	NI	NI
22117	NI	NI	NI	NI
26550	NI	NI	NI	NI
24559	NI	NI	NI	NI
27463	NI	NI	NI	NI
6334	NI	NI	NI	NI
4430	NI	NI	NI	NI
31596	NI	NI	NI	NI
34728	NI	NI	NI	NI
19157	NI	NI	NI	NI
24243	NI	NI	NI	NI
21815	NI	NI	NI	NI
1362	NI	NI	NI	NI
11652	NI	NI	NI	NI
2992	NI	NI	NI	NI
20995	NI	NI	NI	NI
39399	NI	NI	NI	NI
39250	NI	NI	NI	NI
4706	NI	NI	NI	NI
6615	NI	NI	NI	NI
21553	NI	NI	NI	NI
29251	NI	NI	NI	NI
33587	NI	NI	NI	NI
33141	NI	NI	NI	NI
3580	NI	NI	NI	NI
33196	NI	NI	NI	NI
18302	NI	NI	NI	NI
29378	NI	NI	NI	NI
7053	NI	NI	NI	NI
16612	NI	NI	NI	NI
5126	NI	NI	NI	NI
3075	NI	NI	NI	NI
18031	NI	NI	NI	NI
17912	NI	NI	NI	NI
32443	NI	NI	NI	NI
14126	NI	NI	NI	NI
38751	NI	NI	NI	NI
2504	NI	NI	NI	NI
36443	NI	NI	NI	NI
10190	NI	NI	NI	NI
346	NI	NI	NI	NI
9841	NI	NI	NI	NI
20193	NI	NI	NI	NI
5012	NI	NI	NI	NI
5251	NI	NI	NI	NI
3280	NI	NI	NI	NI
5199	NI	NI	NI	NI
11918	NI	NI	NI	NI
26467	NI	NI	NI	NI
21391	NI	NI	NI	NI
3845	NI	NI	NI	NI
18850	NI	NI	NI	NI
28087	NI	NI	NI	NI
28563	NI	NI	NI	NI
7478	NI	NI	NI	NI
38060	NI	NI	NI	NI
39705	NI	NI	NI	NI
1074	NI	NI	NI	NI
22329	NI	NI	NI	NI
7049	NI	NI	NI	NI
24297	NI	NI	NI	NI
35216	NI	NI	NI	NI
11941	NI	NI	NI	NI
5204	NI	NI	NI	NI
15609	NI	NI	NI	NI
26692	NI	NI	NI	NI
32138	NI	NI	NI	NI
34857	NI	NI	NI	NI
35982	NI	NI	NI	NI
19247	NI	NI	NI	NI
34979	NI	NI	NI	NI
18788	NI	NI	NI	NI
307	NI	NI	NI	NI
26030	NI	NI	NI	NI
27219	NI	NI	NI	NI
26870	NI	NI	NI	NI
19351	NI	NI	NI	NI
17600	NI	NI	NI	NI
7091	NI	NI	NI	NI
8653	NI	NI	NI	NI
39782	NI	NI	NI	NI
1405	NI	NI	NI	NI
14193	NI	NI	NI	NI
6756	NI	NI	NI	NI
12758	NI	NI	NI	NI
9866	NI	NI	NI	NI
21541	NI	NI	NI	NI
10624	NI	NI	NI	NI
34641	NI	NI	NI	NI
21698	NI	NI	NI	NI
14378	NI	NI	NI	NI
39229	NI	NI	NI	NI
33108	NI	NI	NI	NI
32079	NI	NI	NI	NI
30222	NI	NI	NI	NI
34595	NI	NI	NI	NI
36133	NI	NI	NI	NI
31826	NI	NI	NI	NI
30720	NI	NI	NI	NI
30414	NI	NI	NI	NI
21910	NI	NI	NI	NI
3747	NI	NI	NI	NI
26301	NI	NI	NI	NI
36834	NI	NI	NI	NI
28737	NI	NI	NI	NI
5024	NI	NI	NI	NI
4380	NI	NI	NI	NI
22872	NI	NI	NI	NI
24015	NI	NI	NI	NI
4771	NI	NI	NI	NI
39629	NI	NI	NI	NI
7288	NI	NI	NI	NI
35783	NI	NI	NI	NI
27451	NI	NI	NI	NI
23065	NI	NI	NI	NI
37147	NI	NI	NI	NI
14982	NI	NI	NI	NI
6293	NI	NI	NI	NI
9712	NI	NI	NI	NI
7348	NI	NI	NI	NI
22075	NI	NI	NI	NI
19851	NI	NI	NI	NI
21520	NI	NI	NI	NI
36162	NI	NI	NI	NI
19075	NI	NI	NI	NI
37805	NI	NI	NI	NI
26711	NI	NI	NI	NI
6930	NI	NI	NI	NI
5467	NI	NI	NI	NI
19264	NI	NI	NI	NI
32172	NI	NI	NI	NI
18971	NI	NI	NI	NI
39517	NI	NI	NI	NI
39246	NI	NI	NI	NI
16216	NI	NI	NI	NI
39993	NI	NI	NI	NI
31061	NI	NI	NI	NI
2404	NI	NI	NI	NI
35326	NI	NI	NI	NI
15864	NI	NI	NI	NI
30308	NI	NI	NI	NI
30523	NI	NI	NI	NI
1474	NI	NI	NI	NI
37400	NI	NI	NI	NI
2727	NI	NI	NI	NI
19854	NI	NI	NI	NI
34516	NI	NI	NI	NI
35458	NI	NI	NI	NI
19592	NI	NI	NI	NI
24534	NI	NI	NI	NI
9897	NI	NI	NI	NI
39590	NI	NI	NI	NI
8018	NI	NI	NI	NI
19139	NI	NI	NI	NI
27536	NI	NI	NI	NI
28311	NI	NI	NI	NI
36302	NI	NI	NI	NI
15474	NI	NI	NI	NI
18750	NI	NI	NI	NI
2664	NI	NI	NI	NI
12282	NI	NI	NI	NI
36145	NI	NI	NI	NI
20866	NI	NI	NI	NI
30483	NI	NI	NI	NI
36563	NI	NI	NI	NI
23879	NI	NI	NI	NI
9376	NI	NI	NI	NI
34545	NI	NI	NI	NI
2954	NI	NI	NI	NI
33597	NI	NI	NI	NI
10545	NI	NI	NI	NI
37971	NI	NI	NI	NI
19966	NI	NI	NI	NI
14730	NI	NI	NI	NI
33605	NI	NI	NI	NI
21987	NI	NI	NI	NI
20729	NI	NI	NI	NI
5899	NI	NI	NI	NI
27178	NI	NI	NI	NI
25796	NI	NI	NI	NI
2047	NI	NI	NI	NI
15328	NI	NI	NI	NI
29756	NI	NI	NI	NI
36298	NI	NI	NI	NI
21913	NI	NI	NI	NI
21558	NI	NI	NI	NI
37194	NI	NI	NI	NI
37485	NI	NI	NI	NI
6112	NI	NI	NI	NI
6909	NI	NI	NI	NI
